{
    "name": "root",
    "metadata": {
        "timer_format_version": "0.1.0",
        "start_time_seconds": "1711383134",
        "python_version": "3.9.13 (tags/v3.9.13:6de2ca5, May 17 2022, 16:36:42) [MSC v.1929 64 bit (AMD64)]",
        "command_line_arguments": "C:\\Users\\zongj\\OneDrive - Nanyang Technological University\\NTU\\School\\URECA\\DontDrown\\SubmarineGame\\MLvenv\\Scripts\\mlagents-learn --run-id =SubmarineGameRun3",
        "mlagents_version": "0.30.0",
        "mlagents_envs_version": "0.30.0",
        "communication_protocol_version": "1.5.0",
        "pytorch_version": "2.2.1+cpu",
        "numpy_version": "1.21.2",
        "end_time_seconds": "1711383204"
    },
    "total": 70.8823401,
    "count": 1,
    "self": 10.009048799999995,
    "children": {
        "run_training.setup": {
            "total": 0.12310650000000001,
            "count": 1,
            "self": 0.12310650000000001
        },
        "TrainerController.start_learning": {
            "total": 60.7501848,
            "count": 1,
            "self": 0.0003643999999951575,
            "children": {
                "TrainerController._reset_env": {
                    "total": 11.798125,
                    "count": 1,
                    "self": 11.798125
                },
                "TrainerController.advance": {
                    "total": 48.7511044,
                    "count": 1,
                    "self": 2.1700000004898357e-05,
                    "children": {
                        "env_step": {
                            "total": 48.7510827,
                            "count": 1,
                            "self": 48.7510515,
                            "children": {
                                "SubprocessEnvManager._take_step": {
                                    "total": 3.119999999334766e-05,
                                    "count": 2,
                                    "self": 3.119999999334766e-05
                                }
                            }
                        }
                    }
                },
                "trainer_threads": {
                    "total": 1.1999999998124622e-06,
                    "count": 1,
                    "self": 1.1999999998124622e-06
                },
                "TrainerController._save_models": {
                    "total": 0.20058980000000304,
                    "count": 1,
                    "self": 2.7600000002792058e-05,
                    "children": {
                        "RLTrainer._checkpoint": {
                            "total": 0.20056220000000025,
                            "count": 1,
                            "self": 0.20056220000000025
                        }
                    }
                }
            }
        }
    }
}