{
    "name": "root",
    "metadata": {
        "timer_format_version": "0.1.0",
        "start_time_seconds": "1711385147",
        "python_version": "3.9.13 (tags/v3.9.13:6de2ca5, May 17 2022, 16:36:42) [MSC v.1929 64 bit (AMD64)]",
        "command_line_arguments": "C:\\Users\\zongj\\OneDrive - Nanyang Technological University\\NTU\\School\\URECA\\DontDrown\\SubmarineGame\\MLvenv\\Scripts\\mlagents-learn --run-id =SubmarineGameRun8",
        "mlagents_version": "0.30.0",
        "mlagents_envs_version": "0.30.0",
        "communication_protocol_version": "1.5.0",
        "pytorch_version": "2.2.1+cpu",
        "numpy_version": "1.21.2",
        "end_time_seconds": "1711385230"
    },
    "total": 83.1704239,
    "count": 1,
    "self": 0.006769500000004314,
    "children": {
        "run_training.setup": {
            "total": 0.11381839999999999,
            "count": 1,
            "self": 0.11381839999999999
        },
        "TrainerController.start_learning": {
            "total": 83.049836,
            "count": 1,
            "self": 0.0006970999999964533,
            "children": {
                "TrainerController._reset_env": {
                    "total": 11.005371499999999,
                    "count": 1,
                    "self": 11.005371499999999
                },
                "TrainerController.advance": {
                    "total": 71.9247977,
                    "count": 1,
                    "self": 2.2100000009572796e-05,
                    "children": {
                        "env_step": {
                            "total": 71.92477559999999,
                            "count": 1,
                            "self": 71.92476719999999,
                            "children": {
                                "SubprocessEnvManager._take_step": {
                                    "total": 8.400000000463592e-06,
                                    "count": 1,
                                    "self": 8.400000000463592e-06
                                }
                            }
                        }
                    }
                },
                "trainer_threads": {
                    "total": 1.3000000080864993e-06,
                    "count": 1,
                    "self": 1.3000000080864993e-06
                },
                "TrainerController._save_models": {
                    "total": 0.11896839999999997,
                    "count": 1,
                    "self": 3.2900000007884955e-05,
                    "children": {
                        "RLTrainer._checkpoint": {
                            "total": 0.11893549999999209,
                            "count": 1,
                            "self": 0.11893549999999209
                        }
                    }
                }
            }
        }
    }
}