{"count":1,"self":213.40720639999998,"total":252.1444698,"children":{"InitializeActuators":{"count":1,"self":0.0035483999999999997,"total":0.0035483999999999997,"children":null},"InitializeSensors":{"count":1,"self":0.0047453,"total":0.0047453,"children":null},"AgentSendState":{"count":193567,"self":6.6813936,"total":9.326407399999999,"children":{"CollectObservations":{"count":193567,"self":2.0442072,"total":2.0442072,"children":null},"WriteActionMask":{"count":193567,"self":0.17669749999999998,"total":0.17669749999999998,"children":null},"RequestDecision":{"count":193567,"self":0.42410919999999996,"total":0.42410919999999996,"children":null}}},"DecideAction":{"count":193567,"self":1.3984090999999998,"total":1.3984090999999998,"children":null},"AgentAct":{"count":193567,"self":28.00304,"total":28.003038699999998,"children":null}},"gauges":{"SharkAgent.CumulativeReward":{"count":72,"max":1537.454,"min":-1988.7074,"runningAverage":-175.772659,"value":227.802444,"weightedAverage":-125.462044}},"metadata":{"timer_format_version":"0.1.0","start_time_seconds":"1717691145","unity_version":"2022.3.16f1","command_line_arguments":"C:\\Program Files\\Unity\\Hub\\Editor\\2022.3.16f1\\Editor\\Unity.exe -projectpath C:\\Users\\zongj\\OneDrive - Nanyang Technological University\\NTU\\School\\URECA\\DontDrown\\SubmarineGame -useHub -hubIPC -cloudEnvironment production -licensingIpc LicenseClient-zongj -hubSessionId 6a12f0eb-d573-488d-98da-e59157c42153 -accessToken UvyX5t-R6fFx4sR_8HOUKOyIcnf7Q-udKvJGJhSi2Aw011f","communication_protocol_version":"1.5.0","com.unity.ml-agents_version":"2.0.1","scene_name":"MLTest","end_time_seconds":"1717691397"}}